{
  "backend": "numpy",
  "N": 33,
  "alpha": 0.001,
  "iters": 3,
  "obj": 0.0037973072356263728,
  "grad_norm": 1.5196974711556613e-11,
  "wall_seconds": 0.001844644546508789,
  "rel_l2_error": 0.9811487623927317
}