{
  "x": [0.13333333333333333, 0.4, 0.4666666666666667],
  "y": [-0.06666666666666667],
  "z": [0.0, 0.0, 0.0],
  "_note": "x = [2/15, 6/15, 7/15], y = -1/15. All bounds inactive, so z = 0."
}
